{"cameraMode":{"drawMode":0,"name":"Shaded","section":"Shading Mode"},"sceneLighting":false,"audioPlay":false,"sceneViewState":{"showFog":true,"showMaterialUpdate":true,"showSkybox":false,"showFlares":true,"showImageEffects":true,"showParticleSystems":true},"in2DMode":false,"pivot":{"x":-2.662075996398926,"y":0.39229536056518557,"z":1.8607072830200196},"rotation":{"x":-0.2273290902376175,"y":0.1976211816072464,"z":-0.0471709668636322,"w":-0.9523876309394836},"size":18.57132339477539,"orthographic":false}