{"cameraMode":{"drawMode":0,"name":"Shaded","section":"Shading Mode"},"sceneLighting":false,"audioPlay":false,"sceneViewState":{"showFog":true,"showMaterialUpdate":true,"showSkybox":false,"showFlares":true,"showImageEffects":true,"showParticleSystems":true},"in2DMode":false,"pivot":{"x":-0.17986008524894715,"y":-1.4026222229003907,"z":5.391855716705322},"rotation":{"x":0.3807538151741028,"y":-0.034662723541259769,"z":0.014286059886217118,"w":0.9239230155944824},"size":18.00402069091797,"orthographic":false}