{"cameraMode":{"drawMode":0,"name":"Shaded","section":"Shading Mode"},"sceneLighting":false,"audioPlay":false,"sceneViewState":{"showFog":true,"showMaterialUpdate":true,"showSkybox":false,"showFlares":true,"showImageEffects":true,"showParticleSystems":true},"in2DMode":false,"pivot":{"x":5.116405010223389,"y":-31.365291595458986,"z":19.485042572021486},"rotation":{"x":0.17440645396709443,"y":-0.20800168812274934,"z":0.03771884739398956,"w":0.9617205858230591},"size":7.861273288726807,"orthographic":false}