{"cameraMode":{"drawMode":0,"name":"Shaded","section":"Shading Mode"},"sceneLighting":false,"audioPlay":false,"sceneViewState":{"showFog":true,"showMaterialUpdate":true,"showSkybox":false,"showFlares":true,"showImageEffects":true,"showParticleSystems":true},"in2DMode":false,"pivot":{"x":-1.753502607345581,"y":-3.2723212242126467,"z":5.555079460144043},"rotation":{"x":0.2010442167520523,"y":-0.15066730976104737,"z":0.03131057694554329,"w":0.9674213528633118},"size":8.514762878417969,"orthographic":false}