{"cameraMode":{"drawMode":0,"name":"Shaded","section":"Shading Mode"},"sceneLighting":false,"audioPlay":false,"sceneViewState":{"showFog":true,"showMaterialUpdate":true,"showSkybox":false,"showFlares":true,"showImageEffects":true,"showParticleSystems":true},"in2DMode":false,"pivot":{"x":-0.12408804893493653,"y":0.7379475831985474,"z":0.14837682247161866},"rotation":{"x":0.20883916318416596,"y":-0.33659064769744875,"z":0.0768231451511383,"w":0.9149855375289917},"size":2.8387677669525148,"orthographic":false}