{"cameraMode":{"drawMode":0,"name":"Shaded","section":"Shading Mode"},"sceneLighting":false,"audioPlay":false,"sceneViewState":{"showFog":false,"showMaterialUpdate":false,"showSkybox":false,"showFlares":false,"showImageEffects":false,"showParticleSystems":false},"in2DMode":false,"pivot":{"x":1.2065480947494507,"y":-19.83148956298828,"z":7.281740188598633},"rotation":{"x":0.5406264066696167,"y":-0.026489995419979097,"z":0.017035357654094697,"w":0.8406735062599182},"size":45.25495147705078,"orthographic":false}