{"cameraMode":{"drawMode":0,"name":"Shaded","section":"Shading Mode"},"sceneLighting":false,"audioPlay":false,"sceneViewState":{"showFog":true,"showMaterialUpdate":true,"showSkybox":false,"showFlares":true,"showImageEffects":true,"showParticleSystems":true},"in2DMode":false,"pivot":{"x":-4.5061211585998539,"y":0.8558797836303711,"z":4.311506748199463},"rotation":{"x":-0.03852386027574539,"y":-0.4634667634963989,"z":-0.02017376758158207,"w":0.8850473165512085},"size":9.627999305725098,"orthographic":false}